Time,Port,Metric,Value
2026-06-03 19:50:14.000,0,rx_nombuf,0
2026-06-03 19:50:14.000,0,ipackets,4
2026-06-03 19:50:14.000,0,oerrors,0
2026-06-03 19:50:14.000,0,opackets,0
2026-06-03 19:50:14.000,0,ierrors,0
2026-06-03 19:50:14.000,0,imissed,0
2026-06-03 19:50:14.000,0,obytes,0
2026-06-03 19:50:14.000,0,ibytes,1143
2026-06-03 19:50:14.000,n,Value,1
2026-06-03 19:50:15.000,0,rx_nombuf,0
2026-06-03 19:50:15.000,0,ipackets,4
2026-06-03 19:50:15.000,0,oerrors,0
2026-06-03 19:50:15.000,0,opackets,0
2026-06-03 19:50:15.000,0,ierrors,0
2026-06-03 19:50:15.000,0,imissed,0
2026-06-03 19:50:15.000,0,obytes,0
2026-06-03 19:50:15.000,0,ibytes,1143
2026-06-03 19:50:15.000,n,Value,1
2026-06-03 19:50:16.000,0,rx_nombuf,0
2026-06-03 19:50:16.000,0,ipackets,4
2026-06-03 19:50:16.000,0,oerrors,0
2026-06-03 19:50:16.000,0,opackets,0
2026-06-03 19:50:16.000,0,ierrors,0
2026-06-03 19:50:16.000,0,imissed,0
2026-06-03 19:50:16.000,0,obytes,0
2026-06-03 19:50:16.000,0,ibytes,1143
2026-06-03 19:50:16.000,n,Value,1
2026-06-03 19:50:17.000,0,rx_nombuf,0
2026-06-03 19:50:17.000,0,ipackets,4
2026-06-03 19:50:17.000,0,oerrors,0
2026-06-03 19:50:17.000,0,opackets,0
2026-06-03 19:50:17.000,0,ierrors,0
2026-06-03 19:50:17.000,0,imissed,0
2026-06-03 19:50:17.000,0,obytes,0
2026-06-03 19:50:17.000,0,ibytes,1143
2026-06-03 19:50:17.000,n,Value,1
2026-06-03 19:50:18.000,0,rx_nombuf,0
2026-06-03 19:50:18.000,0,ipackets,5
2026-06-03 19:50:18.000,0,oerrors,0
2026-06-03 19:50:18.000,0,opackets,0
2026-06-03 19:50:18.000,0,ierrors,0
2026-06-03 19:50:18.000,0,imissed,0
2026-06-03 19:50:18.000,0,obytes,0
2026-06-03 19:50:18.000,0,ibytes,1476
2026-06-03 19:50:18.000,n,Value,1
2026-06-03 19:50:19.000,0,rx_nombuf,0
2026-06-03 19:50:19.000,0,ipackets,5
2026-06-03 19:50:19.000,0,oerrors,0
2026-06-03 19:50:19.000,0,opackets,0
2026-06-03 19:50:19.000,0,ierrors,0
2026-06-03 19:50:19.000,0,imissed,0
2026-06-03 19:50:19.000,0,obytes,0
2026-06-03 19:50:19.000,0,ibytes,1476
2026-06-03 19:50:19.000,n,Value,1
2026-06-03 19:50:20.000,0,rx_nombuf,0
2026-06-03 19:50:20.000,0,ipackets,5
2026-06-03 19:50:20.000,0,oerrors,0
2026-06-03 19:50:20.000,0,opackets,0
2026-06-03 19:50:20.000,0,ierrors,0
2026-06-03 19:50:20.000,0,imissed,0
2026-06-03 19:50:20.000,0,obytes,0
2026-06-03 19:50:20.000,0,ibytes,1476
2026-06-03 19:50:20.000,n,Value,1
2026-06-03 19:50:21.000,0,rx_nombuf,0
2026-06-03 19:50:21.000,0,ipackets,5
2026-06-03 19:50:21.000,0,oerrors,0
2026-06-03 19:50:21.000,0,opackets,0
2026-06-03 19:50:21.000,0,ierrors,0
2026-06-03 19:50:21.000,0,imissed,0
2026-06-03 19:50:21.000,0,obytes,0
2026-06-03 19:50:21.000,0,ibytes,1476
2026-06-03 19:50:21.000,n,Value,1
2026-06-03 19:50:22.000,0,rx_nombuf,0
2026-06-03 19:50:22.000,0,ipackets,5
2026-06-03 19:50:22.000,0,oerrors,0
2026-06-03 19:50:22.000,0,opackets,0
2026-06-03 19:50:22.000,0,ierrors,0
2026-06-03 19:50:22.000,0,imissed,0
2026-06-03 19:50:22.000,0,obytes,0
2026-06-03 19:50:22.000,0,ibytes,1476
2026-06-03 19:50:22.000,n,Value,1
2026-06-03 19:50:23.000,0,rx_nombuf,0
2026-06-03 19:50:23.000,0,ipackets,5
2026-06-03 19:50:23.000,0,oerrors,0
2026-06-03 19:50:23.000,0,opackets,0
2026-06-03 19:50:23.000,0,ierrors,0
2026-06-03 19:50:23.000,0,imissed,0
2026-06-03 19:50:23.000,0,obytes,0
2026-06-03 19:50:23.000,0,ibytes,1476
2026-06-03 19:50:23.000,n,Value,1
2026-06-03 19:50:24.000,0,rx_nombuf,0
2026-06-03 19:50:24.000,0,ipackets,5
2026-06-03 19:50:24.000,0,oerrors,0
2026-06-03 19:50:24.000,0,opackets,0
2026-06-03 19:50:24.000,0,ierrors,0
2026-06-03 19:50:24.000,0,imissed,0
2026-06-03 19:50:24.000,0,obytes,0
2026-06-03 19:50:24.000,0,ibytes,1476
2026-06-03 19:50:24.000,n,Value,1
2026-06-03 19:50:25.000,0,rx_nombuf,0
2026-06-03 19:50:25.000,0,ipackets,5
2026-06-03 19:50:25.000,0,oerrors,0
2026-06-03 19:50:25.000,0,opackets,0
2026-06-03 19:50:25.000,0,ierrors,0
2026-06-03 19:50:25.000,0,imissed,0
2026-06-03 19:50:25.000,0,obytes,0
2026-06-03 19:50:25.000,0,ibytes,1476
2026-06-03 19:50:25.000,n,Value,1
2026-06-03 19:50:26.000,0,rx_nombuf,0
2026-06-03 19:50:26.000,0,ipackets,5
2026-06-03 19:50:26.000,0,oerrors,0
2026-06-03 19:50:26.000,0,opackets,0
2026-06-03 19:50:26.000,0,ierrors,0
2026-06-03 19:50:26.000,0,imissed,0
2026-06-03 19:50:26.000,0,obytes,0
2026-06-03 19:50:26.000,0,ibytes,1476
2026-06-03 19:50:26.000,n,Value,1
2026-06-03 19:50:27.000,0,rx_nombuf,0
2026-06-03 19:50:27.000,0,ipackets,5
2026-06-03 19:50:27.000,0,oerrors,0
2026-06-03 19:50:27.000,0,opackets,0
2026-06-03 19:50:27.000,0,ierrors,0
2026-06-03 19:50:27.000,0,imissed,0
2026-06-03 19:50:27.000,0,obytes,0
2026-06-03 19:50:27.000,0,ibytes,1476
2026-06-03 19:50:27.000,n,Value,1
2026-06-03 19:50:28.000,0,rx_nombuf,0
2026-06-03 19:50:28.000,0,ipackets,5
2026-06-03 19:50:28.000,0,oerrors,0
2026-06-03 19:50:28.000,0,opackets,0
2026-06-03 19:50:28.000,0,ierrors,0
2026-06-03 19:50:28.000,0,imissed,0
2026-06-03 19:50:28.000,0,obytes,0
2026-06-03 19:50:28.000,0,ibytes,1476
2026-06-03 19:50:28.000,n,Value,1
2026-06-03 19:50:29.000,0,rx_nombuf,0
2026-06-03 19:50:29.000,0,ipackets,5
2026-06-03 19:50:29.000,0,oerrors,0
2026-06-03 19:50:29.000,0,opackets,0
2026-06-03 19:50:29.000,0,ierrors,0
2026-06-03 19:50:29.000,0,imissed,0
2026-06-03 19:50:29.000,0,obytes,0
2026-06-03 19:50:29.000,0,ibytes,1476
2026-06-03 19:50:29.000,n,Value,1
2026-06-03 19:50:30.000,0,rx_nombuf,0
2026-06-03 19:50:30.000,0,ipackets,5
2026-06-03 19:50:30.000,0,oerrors,0
2026-06-03 19:50:30.000,0,opackets,0
2026-06-03 19:50:30.000,0,ierrors,0
2026-06-03 19:50:30.000,0,imissed,0
2026-06-03 19:50:30.000,0,obytes,0
2026-06-03 19:50:30.000,0,ibytes,1476
2026-06-03 19:50:30.000,n,Value,1
2026-06-03 19:50:31.000,0,rx_nombuf,0
2026-06-03 19:50:31.000,0,ipackets,5
2026-06-03 19:50:31.000,0,oerrors,0
2026-06-03 19:50:31.000,0,opackets,0
2026-06-03 19:50:31.000,0,ierrors,0
2026-06-03 19:50:31.000,0,imissed,0
2026-06-03 19:50:31.000,0,obytes,0
2026-06-03 19:50:31.000,0,ibytes,1476
2026-06-03 19:50:31.000,n,Value,1
2026-06-03 19:50:32.000,0,rx_nombuf,0
2026-06-03 19:50:32.000,0,ipackets,6
2026-06-03 19:50:32.000,0,oerrors,0
2026-06-03 19:50:32.000,0,opackets,0
2026-06-03 19:50:32.000,0,ierrors,0
2026-06-03 19:50:32.000,0,imissed,0
2026-06-03 19:50:32.000,0,obytes,0
2026-06-03 19:50:32.000,0,ibytes,1809
2026-06-03 19:50:32.000,n,Value,1
2026-06-03 19:50:33.000,0,rx_nombuf,0
2026-06-03 19:50:33.000,0,ipackets,7
2026-06-03 19:50:33.000,0,oerrors,0
2026-06-03 19:50:33.000,0,opackets,0
2026-06-03 19:50:33.000,0,ierrors,0
2026-06-03 19:50:33.000,0,imissed,0
2026-06-03 19:50:33.000,0,obytes,0
2026-06-03 19:50:33.000,0,ibytes,2081
2026-06-03 19:50:33.000,n,Value,1
2026-06-03 19:50:34.000,0,rx_nombuf,0
2026-06-03 19:50:34.000,0,ipackets,8
2026-06-03 19:50:34.000,0,oerrors,0
2026-06-03 19:50:34.000,0,opackets,0
2026-06-03 19:50:34.000,0,ierrors,0
2026-06-03 19:50:34.000,0,imissed,0
2026-06-03 19:50:34.000,0,obytes,0
2026-06-03 19:50:34.000,0,ibytes,2414
2026-06-03 19:50:34.000,n,Value,1
2026-06-03 19:50:35.000,0,rx_nombuf,0
2026-06-03 19:50:35.000,0,ipackets,8
2026-06-03 19:50:35.000,0,oerrors,0
2026-06-03 19:50:35.000,0,opackets,0
2026-06-03 19:50:35.000,0,ierrors,0
2026-06-03 19:50:35.000,0,imissed,0
2026-06-03 19:50:35.000,0,obytes,0
2026-06-03 19:50:35.000,0,ibytes,2414
2026-06-03 19:50:35.000,n,Value,1
2026-06-03 19:50:36.000,0,rx_nombuf,0
2026-06-03 19:50:36.000,0,ipackets,8
2026-06-03 19:50:36.000,0,oerrors,0
2026-06-03 19:50:36.000,0,opackets,0
2026-06-03 19:50:36.000,0,ierrors,0
2026-06-03 19:50:36.000,0,imissed,0
2026-06-03 19:50:36.000,0,obytes,0
2026-06-03 19:50:36.000,0,ibytes,2414
2026-06-03 19:50:36.000,n,Value,1
2026-06-03 19:50:37.000,0,rx_nombuf,0
2026-06-03 19:50:37.000,0,ipackets,8
2026-06-03 19:50:37.000,0,oerrors,0
2026-06-03 19:50:37.000,0,opackets,0
2026-06-03 19:50:37.000,0,ierrors,0
2026-06-03 19:50:37.000,0,imissed,0
2026-06-03 19:50:37.000,0,obytes,0
2026-06-03 19:50:37.000,0,ibytes,2414
2026-06-03 19:50:37.000,n,Value,1
2026-06-03 19:50:38.000,0,rx_nombuf,0
2026-06-03 19:50:38.000,0,ipackets,9
2026-06-03 19:50:38.000,0,oerrors,0
2026-06-03 19:50:38.000,0,opackets,0
2026-06-03 19:50:38.000,0,ierrors,0
2026-06-03 19:50:38.000,0,imissed,0
2026-06-03 19:50:38.000,0,obytes,0
2026-06-03 19:50:38.000,0,ibytes,2747
2026-06-03 19:50:38.000,n,Value,1
2026-06-03 19:50:39.000,0,rx_nombuf,0
2026-06-03 19:50:39.000,0,ipackets,9
2026-06-03 19:50:39.000,0,oerrors,0
2026-06-03 19:50:39.000,0,opackets,0
2026-06-03 19:50:39.000,0,ierrors,0
2026-06-03 19:50:39.000,0,imissed,0
2026-06-03 19:50:39.000,0,obytes,0
2026-06-03 19:50:39.000,0,ibytes,2747
2026-06-03 19:50:39.000,n,Value,1
2026-06-03 19:50:40.000,0,rx_nombuf,0
2026-06-03 19:50:40.000,0,ipackets,9
2026-06-03 19:50:40.000,0,oerrors,0
2026-06-03 19:50:40.000,0,opackets,0
2026-06-03 19:50:40.000,0,ierrors,0
2026-06-03 19:50:40.000,0,imissed,0
2026-06-03 19:50:40.000,0,obytes,0
2026-06-03 19:50:40.000,0,ibytes,2747
2026-06-03 19:50:40.000,n,Value,1
2026-06-03 19:50:41.000,0,rx_nombuf,0
2026-06-03 19:50:41.000,0,ipackets,9
2026-06-03 19:50:41.000,0,oerrors,0
2026-06-03 19:50:41.000,0,opackets,0
2026-06-03 19:50:41.000,0,ierrors,0
2026-06-03 19:50:41.000,0,imissed,0
2026-06-03 19:50:41.000,0,obytes,0
2026-06-03 19:50:41.000,0,ibytes,2747
2026-06-03 19:50:41.000,n,Value,1
2026-06-03 19:50:42.000,0,rx_nombuf,0
2026-06-03 19:50:42.000,0,ipackets,9
2026-06-03 19:50:42.000,0,oerrors,0
2026-06-03 19:50:42.000,0,opackets,0
2026-06-03 19:50:42.000,0,ierrors,0
2026-06-03 19:50:42.000,0,imissed,0
2026-06-03 19:50:42.000,0,obytes,0
2026-06-03 19:50:42.000,0,ibytes,2747
2026-06-03 19:50:42.000,n,Value,1
2026-06-03 19:50:43.000,0,rx_nombuf,0
2026-06-03 19:50:43.000,0,ipackets,9
2026-06-03 19:50:43.000,0,oerrors,0
2026-06-03 19:50:43.000,0,opackets,0
2026-06-03 19:50:43.000,0,ierrors,0
2026-06-03 19:50:43.000,0,imissed,0
2026-06-03 19:50:43.000,0,obytes,0
2026-06-03 19:50:43.000,0,ibytes,2747
2026-06-03 19:50:43.000,n,Value,1
2026-06-03 19:50:44.000,0,rx_nombuf,0
2026-06-03 19:50:44.000,0,ipackets,9
2026-06-03 19:50:44.000,0,oerrors,0
2026-06-03 19:50:44.000,0,opackets,0
2026-06-03 19:50:44.000,0,ierrors,0
2026-06-03 19:50:44.000,0,imissed,0
2026-06-03 19:50:44.000,0,obytes,0
2026-06-03 19:50:44.000,0,ibytes,2747
2026-06-03 19:50:44.000,n,Value,1
2026-06-03 19:50:45.000,0,rx_nombuf,0
2026-06-03 19:50:45.000,0,ipackets,9
2026-06-03 19:50:45.000,0,oerrors,0
2026-06-03 19:50:45.000,0,opackets,0
2026-06-03 19:50:45.000,0,ierrors,0
2026-06-03 19:50:45.000,0,imissed,0
2026-06-03 19:50:45.000,0,obytes,0
2026-06-03 19:50:45.000,0,ibytes,2747
2026-06-03 19:50:45.000,n,Value,1
2026-06-03 19:50:46.000,0,rx_nombuf,0
2026-06-03 19:50:46.000,0,ipackets,9
2026-06-03 19:50:46.000,0,oerrors,0
2026-06-03 19:50:46.000,0,opackets,0
2026-06-03 19:50:46.000,0,ierrors,0
2026-06-03 19:50:46.000,0,imissed,0
2026-06-03 19:50:46.000,0,obytes,0
2026-06-03 19:50:46.000,0,ibytes,2747
2026-06-03 19:50:46.000,n,Value,1
2026-06-03 19:50:47.000,0,rx_nombuf,0
2026-06-03 19:50:47.000,0,ipackets,10
2026-06-03 19:50:47.000,0,oerrors,0
2026-06-03 19:50:47.000,0,opackets,0
2026-06-03 19:50:47.000,0,ierrors,0
2026-06-03 19:50:47.000,0,imissed,0
2026-06-03 19:50:47.000,0,obytes,0
2026-06-03 19:50:47.000,0,ibytes,3080
2026-06-03 19:50:47.000,n,Value,1
2026-06-03 19:50:48.000,0,rx_nombuf,0
2026-06-03 19:50:48.000,0,ipackets,10
2026-06-03 19:50:48.000,0,oerrors,0
2026-06-03 19:50:48.000,0,opackets,0
2026-06-03 19:50:48.000,0,ierrors,0
2026-06-03 19:50:48.000,0,imissed,0
2026-06-03 19:50:48.000,0,obytes,0
2026-06-03 19:50:48.000,0,ibytes,3080
2026-06-03 19:50:48.000,n,Value,1
2026-06-03 19:50:49.000,0,rx_nombuf,0
2026-06-03 19:50:49.000,0,ipackets,10
2026-06-03 19:50:49.000,0,oerrors,0
2026-06-03 19:50:49.000,0,opackets,0
2026-06-03 19:50:49.000,0,ierrors,0
2026-06-03 19:50:49.000,0,imissed,0
2026-06-03 19:50:49.000,0,obytes,0
2026-06-03 19:50:49.000,0,ibytes,3080
2026-06-03 19:50:49.000,n,Value,1
2026-06-03 19:50:50.000,0,rx_nombuf,0
2026-06-03 19:50:50.000,0,ipackets,10
2026-06-03 19:50:50.000,0,oerrors,0
2026-06-03 19:50:50.000,0,opackets,0
2026-06-03 19:50:50.000,0,ierrors,0
2026-06-03 19:50:50.000,0,imissed,0
2026-06-03 19:50:50.000,0,obytes,0
2026-06-03 19:50:50.000,0,ibytes,3080
2026-06-03 19:50:50.000,n,Value,1
2026-06-03 19:50:51.000,0,rx_nombuf,0
2026-06-03 19:50:51.000,0,ipackets,10
2026-06-03 19:50:51.000,0,oerrors,0
2026-06-03 19:50:51.000,0,opackets,0
2026-06-03 19:50:51.000,0,ierrors,0
2026-06-03 19:50:51.000,0,imissed,0
2026-06-03 19:50:51.000,0,obytes,0
2026-06-03 19:50:51.000,0,ibytes,3080
2026-06-03 19:50:51.000,n,Value,1
2026-06-03 19:50:52.000,0,rx_nombuf,0
2026-06-03 19:50:52.000,0,ipackets,10
2026-06-03 19:50:52.000,0,oerrors,0
2026-06-03 19:50:52.000,0,opackets,0
2026-06-03 19:50:52.000,0,ierrors,0
2026-06-03 19:50:52.000,0,imissed,0
2026-06-03 19:50:52.000,0,obytes,0
2026-06-03 19:50:52.000,0,ibytes,3080
2026-06-03 19:50:52.000,n,Value,1
2026-06-03 19:50:53.000,0,rx_nombuf,0
2026-06-03 19:50:53.000,0,ipackets,10
2026-06-03 19:50:53.000,0,oerrors,0
2026-06-03 19:50:53.000,0,opackets,0
2026-06-03 19:50:53.000,0,ierrors,0
2026-06-03 19:50:53.000,0,imissed,0
2026-06-03 19:50:53.000,0,obytes,0
2026-06-03 19:50:53.000,0,ibytes,3080
2026-06-03 19:50:53.000,n,Value,1
2026-06-03 19:50:54.000,0,rx_nombuf,0
2026-06-03 19:50:54.000,0,ipackets,10
2026-06-03 19:50:54.000,0,oerrors,0
2026-06-03 19:50:54.000,0,opackets,0
2026-06-03 19:50:54.000,0,ierrors,0
2026-06-03 19:50:54.000,0,imissed,0
2026-06-03 19:50:54.000,0,obytes,0
2026-06-03 19:50:54.000,0,ibytes,3080
2026-06-03 19:50:54.000,n,Value,1
2026-06-03 19:50:55.000,0,rx_nombuf,0
2026-06-03 19:50:55.000,0,ipackets,10
2026-06-03 19:50:55.000,0,oerrors,0
2026-06-03 19:50:55.000,0,opackets,0
2026-06-03 19:50:55.000,0,ierrors,0
2026-06-03 19:50:55.000,0,imissed,0
2026-06-03 19:50:55.000,0,obytes,0
2026-06-03 19:50:55.000,0,ibytes,3080
2026-06-03 19:50:55.000,n,Value,1
2026-06-03 19:50:56.000,0,rx_nombuf,0
2026-06-03 19:50:56.000,0,ipackets,10
2026-06-03 19:50:56.000,0,oerrors,0
2026-06-03 19:50:56.000,0,opackets,0
2026-06-03 19:50:56.000,0,ierrors,0
2026-06-03 19:50:56.000,0,imissed,0
2026-06-03 19:50:56.000,0,obytes,0
2026-06-03 19:50:56.000,0,ibytes,3080
2026-06-03 19:50:56.000,n,Value,1
2026-06-03 19:50:57.000,0,rx_nombuf,0
2026-06-03 19:50:57.000,0,ipackets,10
2026-06-03 19:50:57.000,0,oerrors,0
2026-06-03 19:50:57.000,0,opackets,0
2026-06-03 19:50:57.000,0,ierrors,0
2026-06-03 19:50:57.000,0,imissed,0
2026-06-03 19:50:57.000,0,obytes,0
2026-06-03 19:50:57.000,0,ibytes,3080
2026-06-03 19:50:57.000,n,Value,1
